PassengerId,Name
2,Florence
3,Laina
4,Lily
9,Elisabeth
10,Adele
11,Marguerite
12,Elizabeth
15,Hulda
16,Mary
19,Emelia
20,"Masselmani,"
23,Anna
25,Torborg
26,Selma
29,Ellen
32,Marie
33,Mary
39,Miss.
40,Jamila
41,Johanna
42,Dorothy
44,Simonne
45,Margaret
48,Bridget
50,Josefine
53,Myna
54,Elizabeth
57,Emily
59,Constance
62,Amelie
67,Elizabeth
69,Erna
72,Lillian
80,Elizabeth
83,Brigdet
85,Bertha
86,Maria
89,Mabel
99,Ada
101,Matilda
107,Anna
110,Bertha
112,Hileni
114,Katriina
115,Malake
120,Ellis
124,Susan
129,Anna
133,Grace
134,Mathilde
137,Helen
141,Sultana
142,Anna
143,Elin
148,Robina
152,Edith
157,Katherine
162,Elizabeth
167,Edith
168,Anna
173,Eleanor
178,Ann
181,Constance
185,Luise
187,Johanna
191,Rosa
193,Carla
195,Margaret
196,Elise
199,Margaret
200,Henriette
206,Telma
209,Helen
212,Clear
216,Madeleine
217,Eliina
219,Albina
230,Mathilde
231,Irene
234,Lillian
236,Alice
238,Marjorie
241,Thamine
242,Katherine
247,Agda
248,Anna
252,Elna
255,Helena
256,Hanne
257,"Thorne,"
258,Gladys
259,Anna
260,Lutie
265,Delia
269,Edith
270,Amelia
273,Elizabeth
275,Hanora
276,Kornelia
277,Augusta
280,Rosa
290,Kate
291,Ellen
292,Helen
294,Aloisia
298,Helen
300,Helene
301,Anna
304,Nora
307,Margaret
308,Maria
310,Laura
311,Margaret
312,Emily
313,Anna
316,Helmina
317,Miriam
319,Mary
320,Margaretta
323,Hilda
324,Sylvia
326,Marie
328,Ada
329,Emily
330,Jean
331,Agnes
335,Clara
338,Elizabeth
342,Alice
346,Amelia
347,Marion
348,Mary
357,Elsie
358,Annie
359,Mary
360,Helen
363,Catherine
367,Anna
368,Mantoura
369,Annie
370,Leontine
375,Stina
376,Leila
377,Aurora
381,Rosalie
382,Maria
384,Mary
388,Kate
390,Bertha
394,Marjorie
395,Agnes
397,Elina
400,Jessie
403,Mari
405,Marija
410,Ida
413,Daisy
416,Annie
417,Lulu
418,Lyyli
420,Miss.
424,Anna
427,Ada
428,Kate
432,Florence
433,Alice
436,Lucile
437,Doolina
438,Emily
441,Esther
444,Encarnacion
447,Madeleine
449,Marie
458,Marion
459,Ellen
470,Helene
473,Ada
474,Marie
475,Ida
480,Hildur
484,Hedwig
486,Jeannie
487,Jane
497,Elizabeth
499,Bessie
502,Mary
503,Bridget
504,Kristina
505,Roberta
507,Jane
514,Elizabeth
517,Amelia
519,Florence
521,Anne
524,Ida
527,Lucy
531,Phyllis
534,Catherine
535,Marija
536,Eva
538,Bertha
540,Hedwig
541,Harriet
542,Ingeborg
543,Sigrid
547,Ethel
555,Velin
557,Lady.
559,Tillie
560,Emma
565,(Marion
568,Alma
572,Charlotte
574,Mary
577,Ethel
578,Alice
579,Maria
581,Julie
582,Marian
586,Ruth
592,Martha
594,Mary
597,Jessie
601,Amy
609,Juliette
610,Elizabeth
611,Alfrida
613,Margaret
616,Alice
618,Cordelia
619,Marion
628,Gretchen
635,Mabel
636,Mary
639,Maria
642,Emma
643,Margit
645,Eugenie
650,Amy
652,Elsie
654,Hanora
655,Hanora
658,Catherine
670,Juliet
671,Elizabeth
678,Anna
679,Augusta
681,Katie
690,Georgette
692,Manca
698,Katherine
701,Madeleine
703,Saiide
707,"Kelly,"
709,Alice
711,Berthe
717,Caroline
718,Edwina
721,Annie
727,Lillian
728,Margareth
730,Pieta
731,Elisabeth
737,Margaret
743,Susan
748,Anna
751,Joan
755,Jane
760,Countess.
764,Lucile
766,Anna
768,Mary
773,Mary
775,Eliza
778,Virginia
780,Elisabeth
781,Banoura
782,Vera
787,Anna
793,Stella
797,Alice
798,"Osman,"
800,Rosalie
802,Charlotte
808,Ellen
810,Bertha
814,Ebba
817,Wendla
821,Clara
824,Beila
830,Martha
831,Selini
836,Sara
843,Augusta
850,Edwiga
853,Nourelain
854,Mary
855,Lilian
856,Leah
857,Mary
859,Latifa
863,Margaret
864,Dorothy
866,Karolina
867,"More,"
872,Sallie
875,Hannah
876,Adele
880,Lily
881,Imanita
883,Gerda
886,Margaret
888,Margaret
889,Catherine
